[
{
  "id": 103,
  "nombre": "GeoMax",
  "tipo": "GEOLOGICO",
  "nivelBateria": 25,
  "anioFabricacion": 2017,
  "kmRecorridos": 210.4
},
{
  "id": 106,
  "nombre": "Ares-2",
  "tipo": "RECOLECTOR",
  "nivelBateria": 33,
  "anioFabricacion": 2016,
  "kmRecorridos": 178.9
},
{
  "id": 102,
  "nombre": "Vulcan-7",
  "tipo": "SENSORIAL",
  "nivelBateria": 40,
  "anioFabricacion": 2020,
  "kmRecorridos": 88.2
},
{
  "id": 105,
  "nombre": "HelperX",
  "tipo": "ASISTENCIA",
  "nivelBateria": 50,
  "anioFabricacion": 2018,
  "kmRecorridos": 114.0
},
{
  "id": 104,
  "nombre": "TopoTrack",
  "tipo": "TOPOGRAFICO",
  "nivelBateria": 77,
  "anioFabricacion": 2021,
  "kmRecorridos": 156.0
},
{
  "id": 101,
  "nombre": "Ares-1",
  "tipo": "RECOLECTOR",
  "nivelBateria": 85,
  "anioFabricacion": 2019,
  "kmRecorridos": 123.5
}
]